{
"lengthUnit": "mil",
"components": {
	"fields": ["COMPONENT_NO", "COMPONENT_NAME", "LAYER", "X_COORDINATE", "Y_COORDINATE", "ANGLE"],
	"rows": [
		[1, "25%25", "T", 686.06, -77.76, 270],
		[2, "50%25", "T", 565.97, -77.76, 90],
		[3, "75%25", "T", 446.87, -77.76, 270],
		[4, "100%25", "T", 333.68, -77.76, 90],
		[5, "C1", "T", 1887.89, -444.9, 180],
		[6, "C2", "T", 89.57, -392.74, 270],
		[7, "C3", "T", 1554, -116, 270],
		[8, "C4", "T", 1519.75, -475.22, 90],
		[9, "C5", "T", 1591.48, -475.22, 90],
		[10, "C6", "T", 1448.89, -475.42, 90],
		[11, "C7", "T", 1378.02, -475.42, 90],
		[12, "C8", "T", 879.96, -500.02, 225],
		[13, "C9", "T", 226.39, -311.04, 0],
		[14, "C10", "T", 130.91, -516.76, 0],
		[15, "C11", "T", 175.21, -413.41, 270],
		[16, "C12", "T", 1401.64, -221.47, 0],
		[17, "C13", "T", 1401.64, -278.56, 0],
		[18, "C14", "T", 886.85, -596.49, 45],
		[19, "C15", "T", 1396.72, -627, 0],
		[20, "C16", "T", 2045.38, -521.68, 180],
		[21, "C17", "T", 2166.44, -521.68, 180],
		[22, "HLED", "T", 752.01, -78.74, 90],
		[23, "L1", "T", 584.67, -396.67, 0],
		[24, "Q1", "T", 1724.49, -442.94, 90],
		[25, "Q2", "T", 1535.51, -306.12, 180],
		[26, "R1", "T", 263.79, -460.65, 90],
		[27, "R2", "T", 917.37, -247.06, 270],
		[28, "R3", "T", 858.31, -247.06, 270],
		[29, "R4", "T", 1925.29, -521.68, 0],
		[30, "R5", "T", 976.43, -247.06, 90],
		[31, "SW1", "T", 2285.54, -388.8, 270],
		[32, "U1", "T", 1140.75, -427.17, 270],
		[33, "U2", "T", 2029.17, -398.8, 0],
		[34, "U3", "T", 2149.74, -397.86, 0],
		[35, "USB1", "T", 1850.39, -195.88, 180],
		[36, "PAD1", "T", 2244.09, -118.11, 0],
		[37, "PAD1", "B", 2244.09, -118.11, 0],
		[38, "PAD2", "T", 1024.66, -115.16, 0],
		[39, "PAD3", "T", 1181.1, -112.21, 0],
		[40, "PAD4", "T", 1337.66, -115.16, 0],
		[41, "PAD5", "T", 1251.05, -112.21, 0],
		[42, "PAD6", "T", 1111.27, -112.21, 0],
		[43, "PAD7", "T", 236.22, -629.92, 0],
		[44, "PAD8", "T", 2125.98, -629.92, 0],
		[45, "PAD9", "T", 118.11, -118.11, 0],
		[46, "PAD9", "B", 118.11, -118.11, 0],
		[47, "PAD10", "T", 1846.55, -627.98, 0],
		[48, "PAD10", "B", 1846.55, -627.98, 0]
	]
},
"pins": {
	"fields": ["PIN_NO", "PIN_NAME", "PIN_X", "PIN_Y", "LAYER", "PIN_TYPE", "NET_NAME", "NET_TYPE", "PAD_SHAPE", "PAD_SIZEX", "PAD_SIZEY", "HOLE_SIZE", "PAD_ANGLE"],
	"rows": [
		[1, "25%2525_1", 686.05, -46.28, "T", "SMD", "LED1", "", "R", 31.5, 31.5, 0, 0],
		[2, "25%2525_2", 686.06, -109.23, "T", "SMD", "LED2", "", "R", 31.5, 31.5, 0, 0],
		[3, "50%2525_1", 565.98, -109.23, "T", "SMD", "LED2", "", "R", 31.5, 31.5, 0, 180],
		[4, "50%2525_2", 565.97, -46.28, "T", "SMD", "LED1", "", "R", 31.5, 31.5, 0, 180],
		[5, "75%2525_1", 446.87, -46.28, "T", "SMD", "LED1", "", "R", 31.5, 31.5, 0, 0],
		[6, "75%2525_2", 446.88, -109.23, "T", "SMD", "LED3", "", "R", 31.5, 31.5, 0, 0],
		[7, "100%2525_1", 333.68, -109.23, "T", "SMD", "LED3", "", "R", 31.5, 31.5, 0, 180],
		[8, "100%2525_2", 333.67, -46.28, "T", "SMD", "LED1", "", "R", 31.5, 31.5, 0, 180],
		[9, "C1_1", 1927.26, -444.9, "T", "SMD", "GND", "GND", "R", 55.51, 53.15, 0, 180],
		[10, "C1_2", 1848.52, -444.9, "T", "SMD", "VBUS_C", "", "R", 55.51, 53.15, 0, 180],
		[11, "C2_1", 89.57, -353.37, "T", "SMD", "BATCSP", "", "R", 55.51, 53.15, 0, 270],
		[12, "C2_2", 89.57, -432.11, "T", "SMD", "BAT+", "", "R", 55.51, 53.15, 0, 270],
		[13, "C3_1", 1554, -76.63, "T", "SMD", "GND", "GND", "R", 55.51, 53.15, 0, 270],
		[14, "C3_2", 1554, -155.37, "T", "SMD", "VBUS_A", "", "R", 55.51, 53.15, 0, 270],
		[15, "C4_1", 1519.75, -514.59, "T", "SMD", "GND", "GND", "R", 55.51, 53.15, 0, 90],
		[16, "C4_2", 1519.75, -435.85, "T", "SMD", "VOUT", "", "R", 55.51, 53.15, 0, 90],
		[17, "C5_1", 1591.48, -514.59, "T", "SMD", "GND", "GND", "R", 55.51, 53.15, 0, 90],
		[18, "C5_2", 1591.48, -435.85, "T", "SMD", "VOUT", "", "R", 55.51, 53.15, 0, 90],
		[19, "C6_1", 1448.89, -514.79, "T", "SMD", "GND", "GND", "R", 55.51, 53.15, 0, 90],
		[20, "C6_2", 1448.89, -436.05, "T", "SMD", "VOUT", "", "R", 55.51, 53.15, 0, 90],
		[21, "C7_1", 1378.02, -514.79, "T", "SMD", "GND", "GND", "R", 55.51, 53.15, 0, 90],
		[22, "C7_2", 1378.02, -436.05, "T", "SMD", "VOUT", "", "R", 55.51, 53.15, 0, 90],
		[23, "C8_1", 899.45, -480.54, "T", "SMD", "BST", "", "R", 31.5, 35.43, 0, 225],
		[24, "C8_2", 860.48, -519.51, "T", "SMD", "SW", "", "R", 31.5, 35.43, 0, 225],
		[25, "C9_1", 187.02, -311.04, "T", "SMD", "GND", "GND", "R", 55.51, 53.15, 0, 0],
		[26, "C9_2", 265.76, -311.04, "T", "SMD", "BATCSP", "", "R", 55.51, 53.15, 0, 0],
		[27, "C10_1", 91.54, -516.76, "T", "SMD", "GND", "GND", "R", 55.51, 53.15, 0, 0],
		[28, "C10_2", 170.28, -516.76, "T", "SMD", "BAT+", "", "R", 55.51, 53.15, 0, 0],
		[29, "C11_1", 175.21, -385.85, "T", "SMD", "BATCSP", "", "R", 31.5, 35.43, 0, 270],
		[30, "C11_2", 175.21, -440.97, "T", "SMD", "BAT+", "", "R", 31.5, 35.43, 0, 270],
		[31, "C12_1", 1374.08, -221.47, "T", "SMD", "CC2", "", "R", 31.5, 35.43, 0, 0],
		[32, "C12_2", 1429.2, -221.47, "T", "SMD", "GND", "GND", "R", 31.5, 35.43, 0, 0],
		[33, "C13_1", 1374.08, -278.56, "T", "SMD", "CC1", "", "R", 31.5, 35.43, 0, 0],
		[34, "C13_2", 1429.2, -278.56, "T", "SMD", "GND", "GND", "R", 31.5, 35.43, 0, 0],
		[35, "C14_1", 867.37, -615.97, "T", "SMD", "GND", "GND", "R", 31.5, 35.43, 0, 45],
		[36, "C14_2", 906.34, -577, "T", "SMD", "VDRV", "", "R", 31.5, 35.43, 0, 45],
		[37, "C15_1", 1357.35, -627, "T", "SMD", "VCC", "", "R", 55.51, 53.15, 0, 0],
		[38, "C15_2", 1436.09, -627, "T", "SMD", "GND", "GND", "R", 55.51, 53.15, 0, 0],
		[39, "C16_1", 2072.94, -521.68, "T", "SMD", "BAT-", "", "R", 31.5, 35.43, 0, 180],
		[40, "C16_2", 2017.82, -521.68, "T", "SMD", "$1N4159", "", "R", 31.5, 35.43, 0, 180],
		[41, "C17_1", 2194, -521.68, "T", "SMD", "BAT-", "", "R", 31.5, 35.43, 0, 180],
		[42, "C17_2", 2138.88, -521.68, "T", "SMD", "$1N4159", "", "R", 31.5, 35.43, 0, 180],
		[43, "HLED_1", 752.14, -110.23, "T", "SMD", "GND", "GND", "R", 31.5, 31.5, 0, 180],
		[44, "HLED_2", 751.87, -47.27, "T", "SMD", "$1N3719", "", "R", 31.5, 31.5, 0, 180],
		[45, "L1_1", 397.66, -396.67, "T", "SMD", "BATCSP", "", "R", 118.11, 137.79, 0, 0],
		[46, "L1_2", 771.68, -396.67, "T", "SMD", "SW", "", "R", 118.11, 137.79, 0, 0],
		[47, "Q1_1", 1785.52, -481.32, "T", "SMD", "VBUS_C", "", "R", 27.56, 15.75, 0, 0],
		[48, "Q1_2", 1785.52, -455.73, "T", "SMD", "VBUS_C", "", "R", 27.56, 15.75, 0, 180],
		[49, "Q1_3", 1785.52, -430.14, "T", "SMD", "VBUS_C", "", "R", 27.56, 15.75, 0, 180],
		[50, "Q1_4", 1785.52, -404.55, "T", "SMD", "GATE_C", "", "R", 27.56, 15.75, 0, 180],
		[51, "Q1_5", 1663.47, -404.55, "T", "SMD", "VOUT", "", "R", 19.68, 15.75, 0, 180],
		[52, "Q1_6", 1663.47, -430.14, "T", "SMD", "VOUT", "", "R", 19.68, 15.75, 0, 180],
		[53, "Q1_7", 1663.47, -455.73, "T", "SMD", "VOUT", "", "R", 19.68, 15.75, 0, 180],
		[54, "Q1_8", 1663.47, -481.32, "T", "SMD", "VOUT", "", "R", 19.68, 15.75, 0, 180],
		[55, "Q1_8", 1710.32, -442.94, "T", "SMD", "VOUT", "", "R", 104.33, 76.38, 0, 270],
		[56, "Q2_1", 1573.89, -245.09, "T", "SMD", "VBUS_A", "", "R", 27.56, 15.75, 0, 90],
		[57, "Q2_2", 1548.3, -245.09, "T", "SMD", "VBUS_A", "", "R", 27.56, 15.75, 0, 270],
		[58, "Q2_3", 1522.71, -245.09, "T", "SMD", "VBUS_A", "", "R", 27.56, 15.75, 0, 270],
		[59, "Q2_4", 1497.12, -245.09, "T", "SMD", "GATE_A", "", "R", 27.56, 15.75, 0, 270],
		[60, "Q2_5", 1497.12, -367.14, "T", "SMD", "VOUT", "", "R", 19.68, 15.75, 0, 270],
		[61, "Q2_6", 1522.71, -367.14, "T", "SMD", "VOUT", "", "R", 19.68, 15.75, 0, 270],
		[62, "Q2_7", 1548.3, -367.14, "T", "SMD", "VOUT", "", "R", 19.68, 15.75, 0, 270],
		[63, "Q2_8", 1573.89, -367.14, "T", "SMD", "VOUT", "", "R", 19.68, 15.75, 0, 270],
		[64, "Q2_8", 1535.51, -320.29, "T", "SMD", "VOUT", "", "R", 104.33, 76.38, 0, 0],
		[65, "R1_1", 263.79, -518.87, "T", "SMD", "BAT+", "", "R", 47.54, 66.97, 0, 90],
		[66, "R1_2", 263.79, -402.43, "T", "SMD", "BATCSP", "", "R", 47.54, 66.97, 0, 90],
		[67, "R2_1", 917.37, -217.4, "T", "SMD", "GND", "GND", "R", 31.75, 34.02, 0, 270],
		[68, "R2_2", 917.37, -276.72, "T", "SMD", "BSET/HLED", "", "R", 31.75, 34.02, 0, 270],
		[69, "R3_1", 858.31, -217.4, "T", "SMD", "$1N3719", "", "R", 31.75, 34.02, 0, 270],
		[70, "R3_2", 858.31, -276.72, "T", "SMD", "BSET/HLED", "", "R", 31.75, 34.02, 0, 270],
		[71, "R4_1", 1895.63, -521.68, "T", "SMD", "BAT+", "", "R", 31.75, 34.02, 0, 0],
		[72, "R4_2", 1954.95, -521.68, "T", "SMD", "$1N4159", "", "R", 31.75, 34.02, 0, 0],
		[73, "R5_1", 976.43, -276.72, "T", "SMD", "R5_1", "", "R", 31.75, 34.02, 0, 90],
		[74, "R5_2", 976.43, -217.4, "T", "SMD", "CC", "", "R", 31.75, 34.02, 0, 90],
		[75, "SW1_1", 2323.93, -305.14, "T", "SMD", "SW1_1", "", "P", 51.18, 41.34, 0, 270],
		[76, "SW1_2", 2323.93, -472.46, "T", "SMD", "SW1_2", "", "P", 51.18, 41.34, 0, 270],
		[77, "SW1_3", 2247.16, -321.86, "T", "SMD", "KEY", "", "R", 23.62, 47.24, 0, 90],
		[78, "SW1_4", 2247.16, -455.72, "T", "SMD", "GND", "GND", "R", 23.62, 47.24, 0, 90],
		[79, "U1_1", 1026.28, -338.59, "T", "SMD", "U1_1", "", "R", 11.02, 26.18, 0, 270],
		[80, "U1_2", 1026.28, -358.27, "T", "SMD", "SW", "", "R", 11.02, 26.18, 0, 270],
		[81, "U1_3", 1026.28, -377.96, "T", "SMD", "SW", "", "R", 11.02, 26.18, 0, 270],
		[82, "U1_4", 1026.28, -397.64, "T", "SMD", "SW", "", "R", 11.02, 26.18, 0, 270],
		[83, "U1_5", 1026.28, -417.33, "T", "SMD", "SW", "", "R", 11.02, 26.18, 0, 270],
		[84, "U1_6", 1026.28, -437.01, "T", "SMD", "SW", "", "R", 11.02, 26.18, 0, 270],
		[85, "U1_7", 1026.28, -456.7, "T", "SMD", "BST", "", "R", 11.02, 26.18, 0, 270],
		[86, "U1_8", 1026.28, -476.38, "T", "SMD", "VDRV", "", "R", 11.02, 26.18, 0, 270],
		[87, "U1_9", 1026.28, -496.07, "T", "SMD", "VOUT", "", "R", 11.02, 26.18, 0, 270],
		[88, "U1_10", 1026.28, -515.75, "T", "SMD", "VBUS_C", "", "R", 11.02, 26.18, 0, 270],
		[89, "U1_11", 1052.17, -541.64, "T", "SMD", "VBUS_A", "", "R", 26.18, 11.02, 0, 270],
		[90, "U1_12", 1071.85, -541.64, "T", "SMD", "VOUT", "", "R", 26.18, 11.02, 0, 270],
		[91, "U1_13", 1091.54, -541.64, "T", "SMD", "GND", "GND", "R", 26.18, 11.02, 0, 270],
		[92, "U1_14", 1111.22, -541.64, "T", "SMD", "BATCSP", "", "R", 26.18, 11.02, 0, 270],
		[93, "U1_15", 1130.91, -541.64, "T", "SMD", "BAT+", "", "R", 26.18, 11.02, 0, 270],
		[94, "U1_16", 1150.59, -541.64, "T", "SMD", "GND", "GND", "R", 26.18, 11.02, 0, 270],
		[95, "U1_17", 1170.28, -541.64, "T", "SMD", "BSET/HLED", "", "R", 26.18, 11.02, 0, 270],
		[96, "U1_18", 1189.96, -541.64, "T", "SMD", "VCC", "", "R", 26.18, 11.02, 0, 270],
		[97, "U1_19", 1209.65, -541.64, "T", "SMD", "KEY", "", "R", 26.18, 11.02, 0, 270],
		[98, "U1_20", 1229.33, -541.64, "T", "SMD", "U1_20", "", "R", 26.18, 11.02, 0, 270],
		[99, "U1_21", 1255.22, -515.75, "T", "SMD", "LED1", "", "R", 11.02, 26.18, 0, 270],
		[100, "U1_22", 1255.22, -496.07, "T", "SMD", "LED2", "", "R", 11.02, 26.18, 0, 270],
		[101, "U1_23", 1255.22, -476.38, "T", "SMD", "LED3", "", "R", 11.02, 26.18, 0, 270],
		[102, "U1_24", 1255.22, -456.7, "T", "SMD", "U1_24", "", "R", 11.02, 26.18, 0, 270],
		[103, "U1_25", 1255.22, -437.01, "T", "SMD", "VOUT", "", "R", 11.02, 26.18, 0, 270],
		[104, "U1_26", 1255.22, -417.33, "T", "SMD", "VOUT", "", "R", 11.02, 26.18, 0, 270],
		[105, "U1_27", 1255.22, -397.64, "T", "SMD", "VOUT", "", "R", 11.02, 26.18, 0, 270],
		[106, "U1_28", 1255.22, -377.96, "T", "SMD", "VOUT", "", "R", 11.02, 26.18, 0, 270],
		[107, "U1_29", 1255.22, -358.27, "T", "SMD", "VOUT", "", "R", 11.02, 26.18, 0, 270],
		[108, "U1_30", 1255.22, -338.59, "T", "SMD", "U1_30", "", "R", 11.02, 26.18, 0, 270],
		[109, "U1_31", 1229.33, -312.7, "T", "SMD", "U1_31", "", "R", 26.18, 11.02, 0, 270],
		[110, "U1_32", 1209.65, -312.7, "T", "SMD", "GATE_A", "", "R", 26.18, 11.02, 0, 270],
		[111, "U1_33", 1189.96, -312.7, "T", "SMD", "GATE_C", "", "R", 26.18, 11.02, 0, 270],
		[112, "U1_34", 1170.28, -312.7, "T", "SMD", "CC1", "", "R", 26.18, 11.02, 0, 270],
		[113, "U1_35", 1150.59, -312.7, "T", "SMD", "CC2", "", "R", 26.18, 11.02, 0, 270],
		[114, "U1_36", 1130.91, -312.7, "T", "SMD", "DMC", "", "R", 26.18, 11.02, 0, 270],
		[115, "U1_37", 1111.22, -312.7, "T", "SMD", "DPC", "", "R", 26.18, 11.02, 0, 270],
		[116, "U1_38", 1091.54, -312.7, "T", "SMD", "DMA", "", "R", 26.18, 11.02, 0, 270],
		[117, "U1_39", 1071.85, -312.7, "T", "SMD", "DPA", "", "R", 26.18, 11.02, 0, 270],
		[118, "U1_40", 1052.17, -312.7, "T", "SMD", "U1_40", "", "R", 26.18, 11.02, 0, 270],
		[119, "U1_41", 1140.75, -427.17, "T", "SMD", "GND", "GND", "R", 174.02, 174.02, 0, 270],
		[120, "U2_1", 2003.01, -463.05, "T", "SMD", "$1N4159", "", "R", 19.68, 27.56, 0, 0],
		[121, "U2_2", 2051.75, -463.05, "T", "SMD", "BAT-", "", "R", 47.24, 27.56, 0, 0],
		[122, "U2_3", 2055.33, -334.55, "T", "SMD", "GND", "GND", "R", 31.5, 27.56, 0, 0],
		[123, "U2_4", 2013.13, -334.55, "T", "SMD", "GND", "GND", "R", 31.5, 27.56, 0, 0],
		[124, "U3_1", 2123.58, -462.11, "T", "SMD", "$1N4159", "", "R", 19.68, 27.56, 0, 0],
		[125, "U3_2", 2172.32, -462.11, "T", "SMD", "BAT-", "", "R", 47.24, 27.56, 0, 0],
		[126, "U3_3", 2175.9, -333.61, "T", "SMD", "GND", "GND", "R", 31.5, 27.56, 0, 0],
		[127, "U3_4", 2133.7, -333.61, "T", "SMD", "GND", "GND", "R", 31.5, 27.56, 0, 0],
		[128, "USB1_1", 1976.38, -289.38, "T", "SMD", "GND", "GND", "R", 21.65, 43.31, 0, 180],
		[129, "USB1_2", 1944.88, -289.38, "T", "SMD", "VBUS_C", "", "R", 21.65, 43.31, 0, 180],
		[130, "USB1_3", 1919.29, -289.38, "T", "SMD", "USB1_3", "", "R", 11.81, 43.31, 0, 180],
		[131, "USB1_4", 1899.6, -289.38, "T", "SMD", "CC1", "", "R", 11.81, 43.31, 0, 180],
		[132, "USB1_5", 1879.92, -289.38, "T", "SMD", "DMC", "", "R", 11.81, 43.31, 0, 180],
		[133, "USB1_6", 1860.24, -289.38, "T", "SMD", "DPC", "", "R", 11.81, 43.31, 0, 180],
		[134, "USB1_7", 1840.55, -289.38, "T", "SMD", "DMC", "", "R", 11.81, 43.31, 0, 180],
		[135, "USB1_8", 1820.87, -289.38, "T", "SMD", "DPC", "", "R", 11.81, 43.31, 0, 180],
		[136, "USB1_9", 1801.18, -289.38, "T", "SMD", "USB1_9", "", "R", 11.81, 43.31, 0, 180],
		[137, "USB1_10", 1781.49, -289.38, "T", "SMD", "CC2", "", "R", 11.81, 43.31, 0, 180],
		[138, "USB1_11", 1755.9, -289.38, "T", "SMD", "VBUS_C", "", "R", 21.65, 43.31, 0, 180],
		[139, "USB1_12", 1724.41, -289.38, "T", "SMD", "GND", "GND", "R", 21.65, 43.31, 0, 180],
		[140, "USB1_13", 2020.67, -267.73, "T", "DIP", "GND", "GND", "O", 43.31, 78.74, 59.05, 180],
		[141, "USB1_13", 2020.67, -267.73, "B", "DIP", "GND", "GND", "O", 43.31, 78.74, 59.05, 180],
		[142, "USB1_13", 2020.67, -102.37, "T", "DIP", "GND", "GND", "O", 47.24, 70.87, 47.24, 180],
		[143, "USB1_13", 2020.67, -102.37, "B", "DIP", "GND", "GND", "O", 47.24, 70.87, 47.24, 180],
		[144, "USB1_14", 1680.12, -267.73, "T", "DIP", "GND", "GND", "O", 43.31, 78.74, 59.06, 180],
		[145, "USB1_14", 1680.12, -267.73, "B", "DIP", "GND", "GND", "O", 43.31, 78.74, 59.06, 180],
		[146, "USB1_14", 1680.12, -102.37, "T", "DIP", "GND", "GND", "O", 47.24, 70.87, 47.24, 180],
		[147, "USB1_14", 1680.12, -102.37, "B", "DIP", "GND", "GND", "O", 47.24, 70.87, 47.24, 180],
		[148, "PAD1_1", 2244.09, -118.11, "T", "DIP", "GND", "GND", "C", 157.48, 157.48, 82.68, 0],
		[149, "PAD1_1", 2244.09, -118.11, "B", "DIP", "GND", "GND", "C", 157.48, 157.48, 82.68, 0],
		[150, "PAD2_1", 1024.66, -115.16, "T", "SMD", "GND", "GND", "R", 78.74, 118.11, 0, 0],
		[151, "PAD3_1", 1181.1, -112.21, "T", "SMD", "DPA", "", "R", 47.24, 78.74, 0, 0],
		[152, "PAD4_1", 1337.66, -115.16, "T", "SMD", "VBUS_A", "", "R", 78.74, 118.11, 0, 0],
		[153, "PAD5_1", 1251.05, -112.21, "T", "SMD", "DMA", "", "R", 47.24, 78.74, 0, 0],
		[154, "PAD6_1", 1111.27, -112.21, "T", "SMD", "CC", "", "R", 47.24, 78.74, 0, 0],
		[155, "PAD7_1", 236.22, -629.92, "T", "SMD", "BAT+", "", "R", 78.74, 157.48, 0, 270],
		[156, "PAD8_1", 2125.98, -629.92, "T", "SMD", "BAT-", "", "R", 78.74, 157.48, 0, 270],
		[157, "PAD9_1", 118.11, -118.11, "T", "DIP", "GND", "GND", "C", 157.48, 157.48, 82.68, 0],
		[158, "PAD9_1", 118.11, -118.11, "B", "DIP", "GND", "GND", "C", 157.48, 157.48, 82.68, 0],
		[159, "PAD10_1", 1846.55, -627.98, "T", "DIP", "GND", "GND", "C", 90.55, 90.55, 80.71, 0],
		[160, "PAD10_1", 1846.55, -627.98, "B", "DIP", "GND", "GND", "C", 90.55, 90.55, 80.71, 0]
	]
}
}